Food,AWOL,AWOL - A Way Of Life,2:48,Hip-Hop,https://freemusicarchive.org/file/images/albums/AWOL_-_AWOL_-_A_Way_Of_Life_-_2009113011911435.jpg,2
This World,AWOL,AWOL - A Way Of Life,3:26,Hip-Hop,https://freemusicarchive.org/file/images/albums/AWOL_-_AWOL_-_A_Way_Of_Life_-_2009113011911435.jpg,5
Freeway,Kurt Vile,Constant Hitmaker,2:41,Pop,https://freemusicarchive.org/file/images/albums/Kurt_Vile_-_Constant_Hitmaker_-_2009113012923399.jpg,10
Queen Of The Wires,Alec K. Redfearn & the Eyesores,The Blind Spot,4:13,Folk,https://freemusicarchive.org/file/images/albums/Alec_K_Redfearn_and_the_Eyesores_-_The_Blind_Spot_-_2009113011759706.jpg,140
Ohio,Alec K. Redfearn & the Eyesores,Every Man For Himself,3:02,Folk,https://freemusicarchive.org/file/images/albums/Alec_K_Redfearn_and_the_Eyesores_-_Every_Man_For_Himself_-_2009113011759189.jpg,141
Jules Lost His Jewels,Ariel Pink's Haunted Graffiti,Worn Copy,3:48,Lo-Fi,https://freemusicarchive.org/file/images/albums/Ariel_Pinks_Haunted_Graffiti_-_Worn_Copy_-_2009113011858629.jpg,182
Castle Of Stars,Ed Askew,Blue Piano,4:09,Folk,https://freemusicarchive.org/file/images/albums/Ed_Askew_-_Blue_Piano_-_2009113012359847.jpg,190
Here With You,Ed Askew,Blue Piano,4:14,Folk,https://freemusicarchive.org/file/images/albums/Ed_Askew_-_Blue_Piano_-_2009113012359847.jpg,193
All I want to Do,Ed Askew,Blue Piano,3:12,Folk,https://freemusicarchive.org/file/images/albums/Ed_Askew_-_Blue_Piano_-_2009113012359847.jpg,194
Piano 2,Ed Askew,Blue Piano,1:08,Folk,https://freemusicarchive.org/file/images/albums/Ed_Askew_-_Blue_Piano_-_2009113012359847.jpg,197
Baby Come Home,Ed Askew,Blue Piano,3:14,Folk,https://freemusicarchive.org/file/images/albums/Ed_Askew_-_Blue_Piano_-_2009113012359847.jpg,200
Song For R,Ed Askew,Blue Piano,3:15,Folk,https://freemusicarchive.org/file/images/albums/Ed_Askew_-_Blue_Piano_-_2009113012359847.jpg,203
My Dream,Ed Askew,Blue Piano,5:24,Folk,https://freemusicarchive.org/file/images/albums/Ed_Askew_-_Blue_Piano_-_2009113012359847.jpg,204
Piano 3,Ed Askew,Blue Piano,1:36,Folk,https://freemusicarchive.org/file/images/albums/Ed_Askew_-_Blue_Piano_-_2009113012359847.jpg,207
In the French Court,Ed Askew,Blue Piano,3:04,Folk,https://freemusicarchive.org/file/images/albums/Ed_Askew_-_Blue_Piano_-_2009113012359847.jpg,210
In America,Ed Askew,Blue Piano,4:07,Folk,https://freemusicarchive.org/file/images/albums/Ed_Askew_-_Blue_Piano_-_2009113012359847.jpg,211
When I Arive,Ed Askew,Blue Piano,3:50,Folk,https://freemusicarchive.org/file/images/albums/Ed_Askew_-_Blue_Piano_-_2009113012359847.jpg,212
Boute,Au,Au,4:07,Pop,https://freemusicarchive.org/file/images/albums/Au_-_Au_-_2009113011908696.jpg,213
We Want to be Old,Bird Names,On Opaque Things,3:02,Rock,https://freemusicarchive.org/file/images/albums/Bird_Names_-_On_Opaque_Things_-_20100201151648616.jpg,255
Vampires,Blah Blah Blah,30th Anniversary Blah Blah Blah,4:40,Post-Punk,https://freemusicarchive.org/file/images/albums/Blah_Blah_Blah_-_30th_Anniversary_Blah_Blah_Blah_-_2009113011950686.jpg,368
Machines and Muscles,CAVE,Butthash,5:01,Krautrock,https://freemusicarchive.org/file/images/albums/CAVE_-_Butthash_-_2009113012106677.jpg,459
I Can See You,Charles Manson,One Mind,1:20,Folk,https://freemusicarchive.org/file/images/albums/Charles_Manson_-_One_Mind_-_2009113012119925.jpg,534
The Black Pirate,Charles Manson,One Mind,5:09,Folk,https://freemusicarchive.org/file/images/albums/Charles_Manson_-_One_Mind_-_2009113012119925.jpg,540
If You Have No One,Charles Manson,One Mind,5:19,Folk,https://freemusicarchive.org/file/images/albums/Charles_Manson_-_One_Mind_-_2009113012119925.jpg,546
Caliente Queen,Clockcleaner,Babylon Rules,4:27,Punk,https://freemusicarchive.org/file/images/tracks/Clockcleaner_-_04_-_Caliente_Queen_-_2009113023838187.jpg,574
Disappearing,Dora Bleu,Clones of Eros,7:25,Folk,https://freemusicarchive.org/file/images/albums/Dora_Bleu_-_Clones_of_Eros_-_2009113012330750.jpg,602
"Immaterial, side A",EKG,Immaterial,8:39,Electroacoustic,https://freemusicarchive.org/file/images/artists/EKG_-_2009113014739490.jpg,615
Arabesque,Ed Askew,Viridian City,3:25,Folk,https://freemusicarchive.org/file/images/artists/Ed_Askew_-_2009113014737405.jpg,620
Blue Eyed Baby,Ed Askew,Rainy Day Song,2:41,Folk,https://freemusicarchive.org/file/images/albums/Ed_Askew_-_Rainy_Day_Song_-_2009113012400148.jpg,621
Climbing To The Top,Ed Askew,Rainy Day Song,3:54,Folk,https://freemusicarchive.org/file/images/albums/Ed_Askew_-_Rainy_Day_Song_-_2009113012400148.jpg,625
